iter	Passed	Remaining
0	5303	5298206
1	8944	4463156
2	12160	4041464
3	14783	3681191
4	17581	3498813
5	20311	3364887
6	22654	3213687
7	25296	3136714
8	28199	3105105
9	30833	3052471
10	33496	3011647
11	36345	2992427
12	38962	2958121
13	41862	2948293
14	44242	2905262
15	46757	2875569
16	49269	2848911
17	51626	2816515
18	54167	2796773
19	56715	2779052
20	59252	2762305
21	61537	2735614
22	63898	2714280
23	66119	2688841
24	68583	2674750
25	70584	2644197
26	72891	2626778
27	75550	2622698
28	77962	2610393
29	80098	2589845
30	82573	2581096
31	84837	2566344
32	87639	2568105
33	89602	2545755
34	91731	2529168
35	94405	2527963
36	97440	2536074
37	99687	2523670
38	102669	2529869
39	104937	2518498
40	107353	2511017
41	109832	2505231
42	112011	2492907
43	114237	2482074
44	116423	2470769
45	118917	2466255
46	121458	2462774
47	123959	2458531
48	126603	2457143
49	129302	2456738
50	131914	2454636
51	134363	2449542
52	136808	2444483
53	139203	2438630
54	141212	2426281
55	143532	2419554
56	145843	2412812
57	148500	2411857
58	151065	2409367
59	153504	2404901
60	156324	2406367
61	159151	2407811
62	161626	2403871
63	163943	2397669
64	166674	2397554
65	169337	2396378
66	172241	2398531
67	174495	2391612
68	177003	2388264
69	179086	2379295
70	181339	2372734
71	183657	2367143
72	186317	2365976
73	188479	2358534
74	191414	2360773
75	194212	2361219
76	196655	2357307
77	199509	2358302
78	202388	2359487
79	204878	2356101
80	207503	2354271
81	210332	2354701
82	213421	2357921
83	216290	2358592
84	218133	2348147
85	221207	2350969
86	223879	2349450
87	226085	2343070
88	228195	2335796
89	230982	2335487
90	232494	2322386
91	234044	2309916
92	236576	2307255
93	238822	2301843
94	241389	2299548
95	242916	2287463
96	244668	2277689
97	247485	2277876
98	249953	2274828
99	252304	2270742
100	254368	2264130
101	256942	2262103
102	259601	2260803
103	262421	2260865
104	264662	2255931
105	266790	2250102
106	269430	2248613
107	271699	2244040
108	274129	2240816
109	276887	2240270
110	279510	2238598
111	282267	2237974
112	284817	2235691
113	287422	2233826
114	290130	2232742
115	292661	2230284
116	295012	2226463
117	297376	2222763
118	299779	2219378
119	302378	2217443
120	305149	2216747
121	308019	2216731
122	310228	2211956
123	312765	2209534
124	315425	2207981
125	318149	2206844
126	320822	2205341
127	323522	2203996
128	326462	2204257
129	329313	2203867
130	331782	2200909
131	334570	2200054
132	337414	2199539
133	340220	2198741
134	343267	2199454
135	346054	2198463
136	349651	2202549
137	352315	2200693
138	354318	2194733
139	356678	2191027
140	359806	2192012
141	362259	2188862
142	364560	2184812
143	367034	2181814
144	369058	2176173
145	371919	2175476
146	374516	2173214
147	377017	2170399
148	379289	2166276
149	381851	2163824
150	384726	2163131
151	387505	2161874
152	389656	2157116
153	392160	2154338
154	394776	2152168
155	397311	2149557
156	399901	2147242
157	402632	2145675
158	405171	2143076
159	407836	2141141
160	410136	2137297
161	412580	2134214
162	415258	2132340
163	417955	2130553
164	420573	2128355
165	423198	2126189
166	425656	2123183
167	428336	2121285
168	430783	2118232
169	433382	2115926
170	435770	2112594
171	437862	2107848
172	440442	2105465
173	443285	2104334
174	445885	2102031
175	448246	2098607
176	450730	2095768
177	452335	2088876
178	454394	2084120
179	456725	2080637
180	459684	2080011
181	462217	2077441
182	465064	2076271
183	467525	2073373
184	470362	2072137
185	472779	2069046
186	475568	2067578
187	478071	2064862
188	480613	2062313
189	483232	2060094
190	485540	2056556
191	488335	2055077
192	491100	2053461
193	494034	2052536
194	496709	2050519
195	499204	2047755
196	501725	2045103
197	504266	2042532
198	506657	2039359
199	509215	2036860
200	511767	2034339
201	514733	2033454
202	517452	2031576
203	520079	2029331
204	522884	2027772
205	525907	2027042
206	528227	2023596
207	530671	2020634
208	532829	2016594
209	535470	2014390
210	538060	2011988
211	540251	2008103
212	543172	2006932
213	545746	2004469
214	548812	2003805
215	551602	2002112
216	554495	2000781
217	556921	1997763
218	559574	1995561
219	562332	1993723
220	565266	1992500
221	567774	1989769
222	570858	1989043
223	574443	1990037
224	577856	1990395
225	581046	1989956
226	583677	1987588
227	586595	1986191
228	589495	1984720
229	592681	1984195
230	595651	1982926
231	598571	1981478
232	601736	1980822
233	604324	1978257
234	607148	1976463
235	609803	1974111
236	612247	1971075
237	614787	1968352
238	617328	1965634
239	619897	1963009
240	622952	1961911
241	625179	1958205
242	627907	1956072
243	630379	1953142
244	633210	1951322
245	636393	1950573
246	638611	1946860
247	640894	1943357
248	643459	1940714
249	645954	1937864
250	648347	1934709
251	650607	1931168
252	653136	1928431
253	655753	1925952
254	658631	1924237
255	661171	1921529
256	663669	1918703
257	666361	1916434
258	669331	1914959
259	672118	1912951
260	674486	1909752
261	677256	1907692
262	680203	1906121
263	683169	1904594
264	685681	1901795
265	688176	1898952
266	690678	1896133
267	693633	1894552
268	696544	1892840
269	699173	1890358
270	702023	1888468
271	704527	1885648
272	707270	1883464
273	710339	1882141
274	712845	1879320
275	715359	1876522
276	717706	1873290
277	720015	1869967
278	722287	1866557
279	724794	1863756
280	726911	1859962
281	729427	1857194
282	732415	1855624
283	734659	1852170
284	736988	1848935
285	739349	1845788
286	742193	1843847
287	745127	1842120
288	747519	1839052
289	750123	1836508
290	752531	1833487
291	755102	1830865
292	757553	1827954
293	760195	1825504
294	762320	1821817
295	764772	1818919
296	767348	1816315
297	770061	1814037
298	772762	1811727
299	775789	1810175
300	778246	1807290
301	780980	1805047
302	783262	1801762
303	786034	1799606
304	788199	1796060
305	790998	1793964
306	793687	1791613
307	796159	1788773
308	799230	1787276
309	801988	1785071
310	804295	1781864
311	807090	1779739
312	809676	1777149
313	811962	1773906
314	814308	1770797
315	817034	1768518
316	820011	1766774
317	822767	1764550
318	825472	1762216
319	828378	1760303
320	831322	1758468
321	834139	1756355
322	836763	1753835
323	839476	1751501
324	842099	1748976
325	844755	1746519
326	847109	1743438
327	850173	1741818
328	852653	1738997
329	855370	1736662
330	858043	1734233
331	860580	1731528
332	863430	1729454
333	866160	1727134
334	869233	1725494
335	871699	1722644
336	874941	1721324
337	877648	1718945
338	880412	1716674
339	883465	1714961
340	886317	1712854
341	889525	1711425
342	892119	1708812
343	895239	1707200
344	898038	1704972
345	900615	1702319
346	903329	1699925
347	906311	1698031
348	909057	1695692
349	911887	1693505
350	915168	1692148
351	917551	1689128
352	920321	1686821
353	922915	1684190
354	925617	1681755
355	928555	1679746
356	931407	1677577
357	933783	1674550
358	936090	1671404
359	938796	1668972
360	941467	1666475
361	943668	1663150
362	946102	1660240
363	949178	1658455
364	952103	1656398
365	954241	1652975
366	957033	1650686
367	959964	1648635
368	962745	1646321
369	965259	1643549
370	968611	1642200
371	971659	1640328
372	974689	1638418
373	977019	1635332
374	979818	1633030
375	982388	1630347
376	984734	1627294
377	987383	1624741
378	989755	1621735
379	992608	1619519
380	995463	1617301
381	998260	1614986
382	1000883	1612389
383	1003708	1610115
384	1006622	1607981
385	1008818	1604700
386	1011271	1601832
387	1013818	1599116
388	1016425	1596493
389	1018964	1593765
390	1021300	1590720
391	1023731	1587828
392	1026297	1585146
393	1028659	1582151
394	1030896	1578968
395	1033684	1576630
396	1036307	1574039
397	1038705	1571107
398	1041321	1568506
399	1043567	1565351
400	1045923	1562364
401	1048593	1559847
402	1051253	1557316
403	1053922	1554796
404	1056234	1551752
405	1058621	1548820
406	1061542	1546669
407	1064027	1543883
408	1066591	1541211
409	1068964	1538265
410	1071941	1536189
411	1074777	1533906
412	1077420	1531346
413	1079756	1528351
414	1082718	1526242
415	1085545	1523939
416	1088208	1521403
417	1091281	1519439
418	1094103	1517122
419	1096820	1514657
420	1099743	1512474
421	1102633	1510241
422	1106049	1508724
423	1108805	1506302
424	1111316	1503546
425	1113618	1500509
426	1116748	1498588
427	1119661	1496369
428	1122942	1494639
429	1125555	1492015
430	1128377	1489668
431	1131529	1487751
432	1134510	1485605
433	1137139	1482997
434	1140141	1480873
435	1143035	1478605
436	1145355	1475594
437	1148294	1473382
438	1151167	1471081
439	1153502	1468093
440	1155797	1465058
441	1157874	1461750
442	1160531	1459177
443	1162866	1456202
444	1165654	1453793
445	1168899	1451951
446	1171558	1449378
447	1174343	1446958
448	1176823	1444163
449	1179853	1442043
450	1182642	1439624
451	1185420	1437191
452	1187883	1434376
453	1190960	1432300
454	1193728	1429851
455	1196280	1427142
456	1199093	1424742
457	1201762	1422173
458	1204738	1419963
459	1207747	1417790
460	1210324	1415108
461	1213049	1412598
462	1215707	1410010
463	1218087	1407101
464	1220439	1404161
465	1223440	1401968
466	1226166	1399458
467	1228814	1396857
468	1231200	1393960
469	1234272	1391839
470	1237262	1389621
471	1240211	1387355
472	1242499	1384348
473	1244992	1381573
474	1248088	1379466
475	1250942	1377087
476	1253441	1374318
477	1256210	1371845
478	1259263	1369679
479	1262004	1367171
480	1264700	1364614
481	1267296	1361948
482	1270067	1359471
483	1272742	1356890
484	1275879	1354800
485	1278309	1351957
486	1280973	1349362
487	1283715	1346849
488	1287117	1345024
489	1290261	1342925
490	1293134	1340540
491	1296409	1338569
492	1299016	1335905
493	1301750	1333371
494	1304216	1330564
495	1306975	1328055
496	1309629	1325439
497	1312082	1322620
498	1314534	1319803
499	1317171	1317171
500	1320245	1314975
501	1323159	1312616
502	1325445	1309635
503	1328115	1307034
504	1330963	1304607
505	1333736	1302106
506	1336586	1299678
507	1338997	1296824
508	1341749	1294300
509	1344499	1291774
510	1347273	1289269
511	1350097	1286811
512	1352694	1284136
513	1355077	1281260
514	1357597	1278514
515	1360330	1275968
516	1362889	1273260
517	1365855	1270930
518	1368074	1267907
519	1371006	1265544
520	1373808	1263060
521	1376112	1260118
522	1378698	1257436
523	1381373	1254835
524	1384059	1252244
525	1386774	1249679
526	1389359	1246995
527	1392270	1244605
528	1394546	1241647
529	1396811	1238682
530	1399780	1236340
531	1402509	1233786
532	1404738	1230793
533	1407613	1228367
534	1410480	1225931
535	1413374	1223518
